Prix,Quantité,Promotion,Catégorie_produit,Saison,CA
40.58,323,0,Électronique,Hiver,14637.77
95.32,469,0,Vêtements,Printemps,44713.61
74.54,473,0,Alimentation,Automne,29376.47
61.87,431,0,Électronique,Hiver,27223.76
19.82,136,1,Alimentation,Printemps,2823.63
19.82,240,0,Électronique,Hiver,5689.49
10.52,173,1,Électronique,Été,1894.35
87.29,172,0,Électronique,Hiver,12788.78
62.11,31,1,Électronique,Automne,1646.82
72.27,152,0,Vêtements,Printemps,12367.74
6.96,323,0,Électronique,Automne,2067.6
97.14,312,1,Maison,Printemps,25611.26
84.08,482,0,Alimentation,Été,44581.29
25.17,319,0,Électronique,Printemps,7647.25
22.27,247,1,Alimentation,Hiver,6021.61
22.42,290,0,Maison,Hiver,5907.07
33.9,62,0,Alimentation,Été,2411.57
54.85,451,1,Électronique,Printemps,26894.6
46.03,362,1,Maison,Été,15458.66
32.67,345,1,Alimentation,Hiver,9399.7
63.13,321,0,Électronique,Automne,24936.08
18.25,383,1,Électronique,Été,6842.82
32.75,398,0,Alimentation,Automne,12040.32
39.8,446,1,Électronique,Automne,20211.61
48.33,40,1,Maison,Printemps,2116.03
79.59,426,1,Vêtements,Été,37915.65
23.97,126,1,Maison,Automne,2990.47
53.85,355,0,Alimentation,Automne,22712.72
61.28,322,1,Électronique,Printemps,17146.03
9.41,136,1,Électronique,Printemps,1209.11
62.72,143,0,Alimentation,Hiver,9318.64
21.2,418,1,Alimentation,Automne,9896.73
11.18,300,0,Alimentation,Hiver,3575.75
95.14,311,1,Électronique,Automne,29343.35
96.74,222,1,Électronique,Hiver,20455.84
81.8,70,1,Électronique,Printemps,6397.95
33.94,290,0,Alimentation,Été,10594.96
14.28,343,0,Électronique,Printemps,4469.69
70.0,296,0,Vêtements,Hiver,18846.35
46.81,160,1,Alimentation,Hiver,7081.05
16.59,489,0,Maison,Été,7565.92
52.04,294,0,Vêtements,Automne,16875.39
8.27,309,1,Électronique,Hiver,2666.78
91.39,353,0,Alimentation,Hiver,34060.13
29.58,400,1,Alimentation,Hiver,12058.78
67.94,471,1,Vêtements,Été,32763.8
34.61,392,1,Maison,Printemps,11421.05
54.41,71,0,Maison,Hiver,4169.91
56.94,46,0,Électronique,Été,2471.65
22.56,176,0,Électronique,Hiver,3957.4
97.11,258,0,Vêtements,Automne,23868.87
78.64,175,0,Alimentation,Été,13962.75
94.25,310,0,Électronique,Hiver,30891.94
90.01,155,1,Alimentation,Été,12544.04
61.8,163,1,Alimentation,Hiver,10328.0
92.58,125,0,Électronique,Printemps,11052.89
13.41,439,1,Alimentation,Hiver,6664.93
23.62,177,1,Maison,Été,3714.74
9.3,165,1,Électronique,Automne,1380.66
35.91,21,1,Vêtements,Automne,726.99
41.92,452,0,Vêtements,Automne,17193.95
30.78,96,0,Maison,Hiver,2888.58
83.73,151,0,Maison,Printemps,11975.81
38.89,109,0,Vêtements,Hiver,4276.49
31.69,364,1,Alimentation,Automne,12697.99
56.56,369,1,Vêtements,Été,21019.41
18.39,478,0,Vêtements,Automne,8933.14
81.21,282,0,Électronique,Été,20479.82
12.08,370,1,Électronique,Printemps,4409.68
98.75,127,0,Électronique,Été,12012.32
78.36,93,0,Alimentation,Hiver,7784.22
23.88,58,1,Électronique,Hiver,1279.14
5.52,416,0,Maison,Hiver,2098.69
82.47,178,0,Électronique,Été,15145.64
72.15,90,0,Électronique,Hiver,7779.28
74.26,466,1,Vêtements,Hiver,33996.29
78.27,331,0,Alimentation,Hiver,26343.15
12.03,260,0,Électronique,Printemps,3424.32
39.05,445,0,Vêtements,Été,18263.32
16.01,464,0,Maison,Été,7812.31
86.99,317,0,Électronique,Automne,27313.33
64.21,459,1,Vêtements,Été,29249.18
36.44,55,0,Maison,Printemps,1852.85
11.04,103,1,Électronique,Été,1192.43
34.54,471,0,Vêtements,Printemps,17022.47
35.89,393,0,Vêtements,Printemps,15116.31
74.31,282,0,Vêtements,Été,19932.58
65.57,329,0,Électronique,Automne,23363.34
89.29,404,0,Électronique,Hiver,40161.46
49.86,191,0,Vêtements,Hiver,8367.18
16.36,395,0,Électronique,Été,6270.36
72.76,192,1,Alimentation,Été,15611.42
77.27,381,0,Vêtements,Printemps,27527.59
58.32,66,1,Vêtements,Été,4052.65
78.24,398,1,Maison,Printemps,31166.23
51.91,160,0,Alimentation,Automne,8580.42
54.66,394,0,Électronique,Été,21620.15
45.62,425,0,Maison,Hiver,20835.21
7.41,137,0,Électronique,Hiver,911.47
15.25,296,0,Électronique,Été,4101.73
7.99,233,1,Alimentation,Printemps,2134.31
65.46,239,0,Vêtements,Hiver,18930.95
34.86,412,0,Vêtements,Printemps,14354.54
53.31,45,1,Électronique,Été,2810.43
91.22,28,0,Vêtements,Été,2357.04
28.68,290,1,Électronique,Hiver,7875.07
43.99,29,0,Maison,Été,1461.64
76.78,491,0,Électronique,Automne,40730.38
26.74,397,0,Maison,Automne,12321.13
12.31,140,0,Alimentation,Hiver,1804.15
32.53,144,1,Maison,Automne,4210.01
20.32,189,0,Alimentation,Printemps,3926.34
93.32,91,1,Alimentation,Hiver,9512.87
81.77,171,0,Vêtements,Hiver,13797.07
65.17,227,0,Électronique,Printemps,14369.85
87.79,68,0,Électronique,Automne,6258.57
81.35,173,0,Maison,Automne,13286.13
22.72,366,1,Maison,Automne,8561.24
89.79,312,0,Vêtements,Hiver,28192.38
56.24,87,0,Électronique,Hiver,4652.93
81.71,69,0,Vêtements,Automne,6190.93
90.13,171,0,Alimentation,Été,16407.84
35.21,38,0,Vêtements,Automne,1290.66
15.45,119,0,Alimentation,Printemps,1835.8
26.65,79,1,Maison,Hiver,2048.24
45.58,186,0,Électronique,Printemps,7936.44
82.71,221,0,Vêtements,Printemps,15174.66
86.77,364,0,Vêtements,Hiver,30056.14
5.66,165,0,Vêtements,Été,875.62
53.52,422,1,Électronique,Automne,22844.93
44.65,183,0,Électronique,Printemps,8531.04
26.1,477,0,Maison,Hiver,11451.0
16.39,458,1,Vêtements,Printemps,7786.99
37.07,261,0,Vêtements,Automne,8750.08
94.58,88,0,Maison,Été,8218.76
35.7,194,1,Alimentation,Été,6508.58
54.29,68,1,Électronique,Été,3967.19
71.79,127,1,Alimentation,Hiver,9223.8
39.54,245,0,Vêtements,Hiver,9580.58
97.32,180,0,Alimentation,Été,16422.31
96.43,138,0,Alimentation,Automne,12869.74
28.92,168,0,Alimentation,Automne,5747.22
52.24,484,1,Vêtements,Hiver,24017.21
33.58,169,0,Maison,Été,5947.08
32.06,451,1,Électronique,Automne,14296.18
8.5,312,1,Électronique,Automne,2771.56
62.91,162,0,Vêtements,Automne,11044.42
52.75,438,0,Électronique,Hiver,22286.65
9.89,495,1,Électronique,Été,5243.02
31.47,474,0,Maison,Printemps,19028.8
91.29,179,1,Maison,Été,17268.32
27.76,30,0,Vêtements,Été,967.18
18.77,157,0,Électronique,Hiver,3088.65
51.5,476,0,Électronique,Automne,22229.39
98.64,97,1,Électronique,Automne,9831.87
28.0,96,0,Électronique,Hiver,2599.19
68.85,460,1,Maison,Hiver,29783.6
77.35,273,0,Électronique,Hiver,20963.28
27.58,428,1,Vêtements,Hiver,11621.57
74.18,277,1,Électronique,Hiver,18369.94
39.94,339,0,Maison,Printemps,17206.82
65.07,310,0,Alimentation,Été,21801.31
65.19,282,1,Maison,Été,18832.86
55.9,104,0,Alimentation,Été,5865.85
13.58,165,1,Vêtements,Automne,2510.11
84.35,342,0,Électronique,Printemps,34835.24
35.47,61,1,Alimentation,Été,2311.9
22.72,393,1,Vêtements,Automne,9037.17
8.87,144,1,Alimentation,Printemps,1465.38
61.13,186,0,Électronique,Printemps,11532.05
69.37,444,0,Électronique,Automne,32141.06
6.58,260,0,Vêtements,Printemps,1882.05
53.65,478,0,Alimentation,Automne,24653.59
26.52,299,0,Alimentation,Été,6283.45
66.29,207,0,Électronique,Automne,13125.01
21.56,321,1,Vêtements,Printemps,7455.74
70.64,38,0,Électronique,Été,2872.91
41.74,87,0,Électronique,Été,4118.95
93.99,237,1,Vêtements,Hiver,21391.66
18.06,121,0,Électronique,Hiver,2530.73
37.4,61,0,Électronique,Printemps,2323.62
15.78,307,1,Vêtements,Automne,5137.27
92.85,186,1,Électronique,Automne,18830.65
88.35,128,0,Électronique,Printemps,9746.3
29.5,55,0,Électronique,Été,1459.46
67.7,251,1,Électronique,Printemps,15228.7
82.64,248,0,Électronique,Printemps,22692.2
57.74,372,0,Alimentation,Été,20823.18
55.32,183,0,Électronique,Automne,12176.19
27.98,406,0,Électronique,Printemps,11363.72
13.84,92,0,Vêtements,Automne,1085.93
90.24,155,0,Alimentation,Printemps,13046.68
90.54,372,1,Maison,Été,34076.21
65.14,398,1,Alimentation,Été,27261.39
37.21,89,0,Alimentation,Hiver,2985.54
38.17,444,1,Vêtements,Été,17910.91
73.97,215,1,Alimentation,Hiver,17232.36
90.23,288,0,Alimentation,Printemps,24320.66
89.27,68,0,Électronique,Automne,7265.71
79.09,335,1,Électronique,Été,25083.86
65.99,149,0,Électronique,Été,8849.38
12.99,463,1,Maison,Été,5094.64
20.35,24,0,Vêtements,Printemps,548.02
90.36,447,1,Alimentation,Hiver,40483.35
62.61,46,0,Vêtements,Printemps,2742.02
5.87,179,0,Vêtements,Automne,895.84
14.64,168,1,Électronique,Printemps,2363.78
68.03,283,0,Électronique,Automne,23837.37
5.48,249,0,Maison,Été,1071.9
20.28,219,0,Alimentation,Automne,4160.78
57.13,69,0,Vêtements,Automne,4648.68
70.73,86,0,Maison,Hiver,6842.5
66.94,319,1,Électronique,Automne,20135.35
26.31,400,0,Maison,Automne,10738.26
72.66,77,1,Vêtements,Printemps,5853.83
27.54,278,1,Vêtements,Été,7758.59
35.91,361,1,Vêtements,Printemps,15276.78
75.92,345,0,Électronique,Printemps,27082.3
66.72,149,1,Électronique,Été,11070.13
85.68,234,0,Alimentation,Été,20413.21
67.47,191,1,Maison,Automne,10267.68
58.99,277,1,Alimentation,Automne,14391.8
13.9,121,1,Électronique,Hiver,1516.25
39.93,228,0,Vêtements,Printemps,8877.09
30.19,310,1,Électronique,Été,11304.07
28.18,373,0,Électronique,Automne,10892.08
97.44,490,1,Alimentation,Été,47240.51
42.34,305,1,Vêtements,Automne,14513.14
89.74,135,0,Électronique,Hiver,10355.96
64.96,283,1,Électronique,Hiver,17483.44
80.51,169,0,Maison,Été,12739.03
52.75,319,0,Électronique,Hiver,17497.04
59.81,461,0,Vêtements,Été,30042.45
51.79,55,0,Vêtements,Automne,2982.75
23.55,472,1,Électronique,Printemps,11657.28
73.63,352,0,Électronique,Hiver,24981.85
31.67,496,0,Vêtements,Automne,16212.18
7.31,306,1,Alimentation,Printemps,2049.0
66.32,322,1,Vêtements,Printemps,22794.67
21.83,330,1,Alimentation,Printemps,6843.27
94.34,227,1,Maison,Automne,19013.45
95.62,125,1,Alimentation,Automne,11997.7
91.91,465,0,Vêtements,Été,34561.85
40.17,177,0,Vêtements,Printemps,8158.38
6.47,140,1,Alimentation,Printemps,978.0
93.19,74,0,Alimentation,Printemps,7128.44
45.68,419,1,Vêtements,Été,16032.2
96.83,31,0,Alimentation,Printemps,2791.55
96.54,164,0,Électronique,Automne,15896.77
86.04,419,0,Vêtements,Printemps,35102.25
32.97,415,1,Électronique,Hiver,11372.16
41.58,155,0,Électronique,Automne,5596.47
85.86,487,1,Électronique,Été,40630.09
35.11,22,0,Alimentation,Printemps,673.3
21.1,163,0,Vêtements,Hiver,3910.96
57.9,49,1,Électronique,Été,2977.41
93.93,256,1,Vêtements,Été,22114.06
71.12,298,0,Vêtements,Automne,23671.64
59.16,367,1,Électronique,Été,23812.78
14.23,134,0,Alimentation,Été,1961.92
63.43,123,0,Alimentation,Été,7771.01
99.06,137,0,Alimentation,Été,13166.15
18.31,24,1,Alimentation,Printemps,415.71
54.24,487,1,Vêtements,Printemps,22883.76
88.35,379,0,Électronique,Printemps,38602.21
75.37,267,1,Électronique,Printemps,19076.32
71.22,383,0,Électronique,Hiver,27354.18
71.74,340,0,Maison,Printemps,22171.36
39.15,140,0,Électronique,Été,5338.8
32.89,305,0,Électronique,Printemps,12891.19
81.89,168,0,Maison,Printemps,12758.73
81.96,103,0,Maison,Automne,9664.77
87.37,473,1,Alimentation,Été,41211.1
91.76,425,0,Électronique,Printemps,41649.62
53.58,485,0,Électronique,Printemps,29220.5
52.64,475,0,Vêtements,Printemps,25684.78
80.84,250,0,Électronique,Hiver,19499.2
66.75,307,0,Électronique,Printemps,20110.91
71.69,180,1,Vêtements,Automne,12707.5
80.6,291,0,Maison,Été,27827.41
89.55,479,1,Vêtements,Été,36528.37
37.11,57,1,Alimentation,Printemps,1740.71
40.68,245,0,Alimentation,Printemps,8268.24
13.93,161,1,Électronique,Printemps,2042.25
59.94,311,0,Alimentation,Été,19946.39
8.41,170,1,Électronique,Été,1538.56
49.23,133,0,Électronique,Hiver,6149.82
56.55,256,0,Alimentation,Automne,14435.55
32.22,85,0,Électronique,Hiver,2432.98
61.13,380,0,Maison,Automne,20851.75
7.9,360,0,Électronique,Hiver,3008.91
8.55,277,0,Alimentation,Été,2616.48
83.15,494,0,Vêtements,Hiver,39117.51
39.22,268,1,Électronique,Automne,12229.52
17.07,476,1,Électronique,Printemps,8909.91
54.61,468,0,Alimentation,Automne,29625.53
78.15,350,0,Maison,Printemps,26529.36
25.5,342,1,Maison,Été,10047.19
64.17,199,1,Vêtements,Automne,15553.07
13.11,209,1,Alimentation,Hiver,2626.96
9.91,426,0,Alimentation,Automne,4156.58
55.48,173,0,Alimentation,Printemps,8688.42
56.36,215,0,Vêtements,Été,10730.91
65.56,485,0,Alimentation,Hiver,28195.47
73.98,330,1,Maison,Automne,22432.34
97.71,281,1,Vêtements,Printemps,28210.84
54.05,438,0,Maison,Hiver,21852.9
35.68,425,1,Alimentation,Été,15534.25
80.54,446,0,Électronique,Hiver,36872.19
30.73,162,0,Électronique,Été,4744.22
46.7,361,0,Vêtements,Hiver,16753.1
12.45,335,1,Vêtements,Automne,3950.57
7.41,120,0,Maison,Printemps,861.57
96.45,263,1,Électronique,Automne,23314.56
84.42,31,1,Maison,Automne,2639.03
71.12,258,0,Maison,Été,17247.02
43.85,68,0,Électronique,Été,2634.1
21.46,61,1,Maison,Été,1386.74
19.86,185,0,Maison,Automne,3904.57
28.77,101,1,Alimentation,Hiver,3228.8
57.18,448,1,Alimentation,Hiver,22992.48
72.89,310,0,Maison,Automne,21509.2
67.72,177,0,Alimentation,Automne,12262.72
31.59,235,1,Vêtements,Printemps,7050.95
95.71,177,1,Maison,Été,17907.83
75.1,481,0,Alimentation,Été,37921.79
57.66,153,0,Alimentation,Automne,9244.81
63.11,86,0,Électronique,Automne,6219.69
44.86,355,1,Alimentation,Hiver,16951.01
28.53,26,1,Électronique,Automne,753.2
38.82,455,1,Maison,Hiver,17321.26
77.0,33,0,Vêtements,Automne,2509.53
6.37,92,0,Électronique,Printemps,523.67
16.03,418,1,Vêtements,Printemps,5517.42
9.37,424,0,Électronique,Hiver,4157.12
8.87,182,0,Alimentation,Été,1811.88
86.27,85,0,Maison,Printemps,7090.88
71.85,366,1,Maison,Hiver,30470.7
50.05,149,1,Électronique,Automne,7325.82
14.29,438,0,Électronique,Automne,5036.15
51.7,485,0,Maison,Hiver,27376.96
49.98,225,1,Maison,Été,10706.52
21.45,295,1,Vêtements,Hiver,6966.08
46.22,485,0,Vêtements,Hiver,19552.9
42.86,275,0,Vêtements,Printemps,12272.16
63.51,285,0,Maison,Hiver,16651.49
65.33,44,1,Alimentation,Hiver,2932.41
9.3,469,0,Électronique,Automne,4696.07
40.59,300,0,Électronique,Printemps,12827.74
64.46,272,1,Maison,Automne,17654.74
52.8,329,1,Électronique,Automne,14976.65
86.37,308,0,Vêtements,Été,28544.82
67.58,183,1,Alimentation,Été,13642.72
20.48,114,0,Électronique,Printemps,2091.21
11.7,289,0,Électronique,Printemps,3078.33
66.03,340,0,Maison,Été,24860.36
7.52,129,1,Maison,Été,949.86
60.65,355,0,Maison,Été,19657.33
94.32,329,1,Maison,Été,31877.05
59.67,257,1,Alimentation,Été,14356.0
41.88,400,1,Maison,Automne,17021.78
66.11,455,1,Vêtements,Printemps,28837.12
48.53,406,1,Alimentation,Automne,19057.88
56.83,444,0,Maison,Automne,28034.33
94.44,409,0,Électronique,Hiver,29091.05
41.68,44,1,Vêtements,Automne,1935.66
96.31,160,0,Vêtements,Été,16866.5
91.01,136,1,Électronique,Été,11607.5
23.6,411,1,Électronique,Hiver,10609.19
11.59,424,0,Maison,Hiver,4442.88
14.57,471,1,Maison,Hiver,6409.56
6.73,44,0,Vêtements,Hiver,273.17
13.97,98,0,Électronique,Hiver,1499.3
69.89,87,0,Électronique,Automne,5019.43
11.76,192,0,Maison,Hiver,2628.25
35.3,463,1,Vêtements,Automne,15845.51
85.26,31,1,Vêtements,Printemps,2805.58
7.21,307,1,Vêtements,Hiver,2330.5
82.37,147,0,Vêtements,Hiver,12291.51
31.78,115,0,Vêtements,Automne,3435.17
16.23,111,1,Maison,Printemps,2025.35
71.19,160,0,Alimentation,Automne,10803.96
64.75,50,1,Alimentation,Automne,3000.76
88.36,353,1,Vêtements,Hiver,33928.75
74.83,39,1,Alimentation,Été,2960.91
81.33,165,1,Alimentation,Été,15241.57
31.79,496,0,Électronique,Automne,15669.03
21.86,335,1,Alimentation,Hiver,6846.46
76.31,466,0,Électronique,Printemps,36537.46
81.65,409,1,Maison,Été,31900.04
99.1,179,0,Vêtements,Printemps,16635.68
44.2,368,1,Maison,Été,17618.72
40.34,62,1,Électronique,Hiver,2959.17
78.76,273,0,Alimentation,Automne,20971.55
37.38,149,0,Alimentation,Printemps,5026.73
93.42,79,1,Alimentation,Printemps,7266.93
86.55,170,0,Vêtements,Automne,15470.95
45.75,486,0,Vêtements,Printemps,22806.99
76.33,306,0,Alimentation,Été,26146.34
76.68,24,0,Électronique,Automne,1962.72
14.8,486,1,Électronique,Été,6399.14
90.74,437,0,Alimentation,Été,37697.21
53.0,285,0,Vêtements,Hiver,13019.25
83.51,364,0,Électronique,Été,33877.2
35.4,149,0,Électronique,Hiver,4223.96
90.07,401,0,Électronique,Printemps,31482.92
41.97,286,0,Alimentation,Printemps,11389.08
6.03,197,0,Alimentation,Hiver,1254.9
91.01,272,0,Maison,Été,23463.38
13.67,434,1,Maison,Automne,5716.1
35.33,75,0,Vêtements,Automne,2558.19
95.26,482,1,Électronique,Hiver,46708.66
95.31,476,0,Électronique,Printemps,39830.4
59.48,490,0,Électronique,Printemps,26384.63
65.02,102,1,Maison,Automne,7746.84
47.6,412,0,Vêtements,Hiver,20400.35
32.86,118,1,Électronique,Automne,4172.47
36.22,168,1,Vêtements,Été,6120.27
68.89,348,0,Alimentation,Été,23637.42
76.48,175,1,Alimentation,Hiver,13995.82
80.2,209,1,Électronique,Hiver,17981.41
80.01,390,0,Maison,Été,33843.99
13.66,282,0,Vêtements,Printemps,3803.37
51.97,99,0,Électronique,Hiver,5636.57
10.47,419,1,Maison,Été,3305.02
57.21,271,1,Électronique,Été,16887.3
46.95,116,1,Maison,Printemps,5213.7
89.33,279,1,Maison,Printemps,26302.27
38.34,279,0,Alimentation,Printemps,10002.28
16.12,122,0,Alimentation,Printemps,1705.73
18.58,59,1,Vêtements,Automne,1133.46
77.34,292,0,Maison,Printemps,19192.33
63.73,120,1,Vêtements,Automne,7341.94
14.61,378,0,Alimentation,Hiver,5073.91
12.99,399,0,Maison,Été,5092.29
71.59,327,1,Maison,Automne,25276.19
11.91,240,1,Maison,Hiver,2718.38
83.08,327,0,Vêtements,Hiver,28021.78
72.09,439,1,Maison,Automne,33987.36
12.73,143,0,Alimentation,Hiver,1709.85
13.06,441,1,Maison,Hiver,5418.07
98.73,250,1,Alimentation,Automne,28062.35
40.56,197,1,Vêtements,Hiver,7926.89
40.21,82,1,Vêtements,Printemps,3465.09
82.22,135,0,Alimentation,Printemps,11656.42
94.99,210,0,Alimentation,Été,17558.17
98.67,81,1,Vêtements,Hiver,7384.16
76.57,275,0,Alimentation,Été,21847.11
40.74,26,1,Vêtements,Printemps,840.26
12.93,174,0,Maison,Printemps,2202.28
78.83,111,1,Vêtements,Printemps,7993.0
58.05,489,1,Électronique,Hiver,31538.78
45.3,33,1,Électronique,Hiver,1546.64
91.1,474,0,Électronique,Printemps,48325.37
15.56,248,1,Vêtements,Été,3843.78
51.8,105,0,Électronique,Été,5377.06
6.08,152,0,Électronique,Automne,895.98
49.52,202,1,Maison,Printemps,9499.82
10.35,405,1,Maison,Été,5317.09
16.29,81,1,Vêtements,Printemps,1426.0
16.16,238,0,Maison,Été,3436.02
66.67,424,0,Électronique,Automne,35728.9
75.87,265,0,Alimentation,Automne,19291.32
60.42,249,0,Alimentation,Printemps,15527.74
96.41,98,0,Vêtements,Été,10335.93
40.61,168,1,Vêtements,Hiver,5773.21
32.14,157,0,Vêtements,Automne,4628.51
87.52,490,1,Vêtements,Printemps,49952.92
26.24,333,1,Alimentation,Printemps,8541.47
96.51,395,1,Électronique,Été,41928.53
6.15,442,1,Électronique,Printemps,2595.03
97.14,408,1,Électronique,Automne,39256.37
9.1,84,0,Électronique,Printemps,900.87
89.66,32,0,Vêtements,Printemps,2994.65
55.13,232,0,Électronique,Hiver,12349.09
99.33,493,0,Maison,Hiver,45623.28
12.01,261,1,Électronique,Automne,2949.08
57.62,232,0,Électronique,Été,15027.54
97.08,200,1,Alimentation,Hiver,20902.29
54.69,357,1,Électronique,Été,17281.62
64.79,192,0,Alimentation,Automne,12548.13
71.1,179,1,Alimentation,Hiver,12641.86
48.18,183,0,Électronique,Été,9095.64
64.62,484,0,Électronique,Hiver,29388.35
60.51,207,1,Vêtements,Automne,13900.63
90.61,414,0,Électronique,Automne,37507.52
9.32,210,1,Électronique,Hiver,2030.29
31.69,424,0,Électronique,Été,12382.21
95.29,327,0,Électronique,Printemps,28871.72
89.58,275,1,Vêtements,Printemps,31181.15
48.29,202,0,Alimentation,Hiver,11510.48
63.91,136,0,Alimentation,Été,8631.19
31.35,301,0,Électronique,Printemps,10882.95
22.87,215,1,Électronique,Automne,5513.36
49.05,53,0,Maison,Été,2437.12
38.57,71,0,Alimentation,Printemps,2539.95
60.45,131,0,Maison,Été,8448.47
12.38,271,0,Vêtements,Hiver,3442.23
97.57,101,1,Alimentation,Été,9458.41
98.69,251,1,Vêtements,Printemps,26557.75
71.33,246,0,Vêtements,Hiver,15016.03
55.93,252,1,Vêtements,Été,14256.45
34.41,240,0,Vêtements,Automne,7235.25
82.31,455,1,Électronique,Printemps,32934.49
70.05,432,1,Vêtements,Hiver,28122.82
20.45,441,0,Alimentation,Été,9346.08
91.54,61,1,Maison,Automne,5206.89
83.14,40,1,Vêtements,Printemps,2920.51
95.23,61,0,Vêtements,Automne,6086.27
73.94,416,0,Électronique,Été,35350.59
63.27,132,0,Alimentation,Été,8885.18
44.73,124,1,Vêtements,Hiver,6545.89
93.61,211,1,Maison,Automne,22535.08
87.28,36,1,Vêtements,Hiver,2988.93
9.3,139,1,Vêtements,Printemps,1374.42
7.5,412,1,Alimentation,Hiver,3061.69
40.76,444,1,Maison,Printemps,20019.57
82.0,148,1,Vêtements,Été,12024.58
98.79,149,0,Vêtements,Été,13558.77
19.29,79,0,Maison,Automne,1733.2
61.44,67,1,Électronique,Printemps,4247.3
41.18,48,0,Maison,Été,1845.48
97.14,116,1,Électronique,Automne,10706.26
85.0,29,0,Alimentation,Automne,2299.86
84.64,261,0,Alimentation,Hiver,19878.08
49.53,333,1,Vêtements,Automne,15705.9
44.41,463,0,Maison,Été,21328.83
30.97,251,0,Électronique,Hiver,7823.27
10.36,296,0,Électronique,Printemps,2932.18
87.15,303,1,Alimentation,Printemps,30355.55
82.23,222,0,Vêtements,Été,14584.64
99.97,266,1,Alimentation,Été,27406.1
99.68,309,0,Électronique,Hiver,30361.41
57.77,283,1,Électronique,Hiver,14762.77
78.05,462,1,Électronique,Été,37373.29
94.75,233,0,Électronique,Été,21591.62
85.72,219,0,Vêtements,Printemps,21113.77
28.5,452,0,Alimentation,Printemps,14000.24
47.8,98,1,Maison,Printemps,5577.31
17.27,420,0,Maison,Été,6902.83
95.63,463,0,Électronique,Automne,50460.17
62.59,362,0,Vêtements,Été,20016.04
26.72,363,0,Électronique,Été,9592.05
68.81,192,0,Électronique,Printemps,12596.86
63.72,486,1,Vêtements,Été,32833.57
39.03,88,1,Électronique,Hiver,3633.26
15.79,435,0,Électronique,Été,6250.05
68.8,447,0,Maison,Été,32777.78
54.43,468,0,Vêtements,Été,24504.01
78.37,106,1,Vêtements,Été,7628.69
54.42,120,1,Électronique,Automne,6522.71
85.96,27,1,Électronique,Été,1978.16
57.43,352,1,Maison,Hiver,22098.03
58.29,219,0,Électronique,Hiver,12694.51
88.28,106,1,Vêtements,Été,9326.1
43.33,62,1,Électronique,Printemps,2663.04
17.73,404,0,Vêtements,Automne,8342.55
7.73,128,1,Électronique,Été,1139.72
76.74,454,0,Maison,Été,39546.01
63.93,427,1,Maison,Été,27065.96
71.89,171,0,Alimentation,Printemps,10921.73
25.23,36,0,Électronique,Printemps,906.83
17.96,152,1,Maison,Printemps,2815.75
6.38,167,0,Vêtements,Automne,1152.04
38.31,296,0,Vêtements,Hiver,11692.63
61.04,251,0,Alimentation,Automne,13748.34
42.26,333,1,Électronique,Printemps,13319.11
46.56,434,0,Électronique,Hiver,18941.8
90.9,385,0,Alimentation,Hiver,36883.0
38.08,247,1,Électronique,Printemps,9935.87
53.83,158,1,Alimentation,Printemps,9095.93
79.45,455,0,Vêtements,Automne,37237.99
42.67,418,1,Maison,Printemps,14163.26
64.1,230,1,Maison,Hiver,12198.57
86.92,410,1,Maison,Été,35137.61
95.2,47,0,Électronique,Printemps,4518.28
18.97,70,0,Électronique,Printemps,1494.37
93.03,461,0,Vêtements,Automne,43220.47
51.75,280,0,Électronique,Automne,13075.85
29.53,280,0,Électronique,Printemps,8815.9
48.62,369,0,Alimentation,Hiver,17909.83
98.1,371,1,Vêtements,Hiver,34931.82
51.8,27,0,Maison,Été,1172.78
36.23,339,0,Électronique,Printemps,12386.6
65.17,157,1,Électronique,Automne,10465.81
27.81,57,0,Électronique,Hiver,1427.26
12.21,130,0,Maison,Été,1705.45
17.24,499,1,Alimentation,Printemps,9166.07
17.16,387,0,Maison,Hiver,6673.4
19.43,239,1,Maison,Printemps,4649.21
18.19,356,1,Vêtements,Printemps,7088.26
65.88,242,0,Vêtements,Hiver,16528.91
22.28,155,1,Vêtements,Hiver,3210.88
37.84,275,0,Alimentation,Hiver,10200.33
90.19,379,0,Vêtements,Printemps,36085.43
50.03,428,0,Vêtements,Printemps,17061.06
68.42,348,0,Maison,Été,21592.18
21.37,469,1,Maison,Automne,10706.2
23.27,482,0,Alimentation,Printemps,12572.03
8.88,453,0,Alimentation,Automne,4433.37
21.05,470,0,Alimentation,Hiver,10777.28
31.47,68,0,Électronique,Printemps,2167.72
21.82,311,0,Électronique,Été,6087.8
13.43,401,0,Alimentation,Été,5279.54
16.46,343,1,Alimentation,Automne,4520.42
48.77,97,0,Électronique,Hiver,5345.99
24.6,124,0,Maison,Automne,2801.15
39.61,188,0,Électronique,Hiver,7049.51
52.82,236,0,Électronique,Été,13785.14
70.59,397,1,Alimentation,Automne,23499.36
8.73,138,0,Électronique,Été,1061.45
80.94,209,0,Électronique,Été,17369.77
64.65,274,0,Vêtements,Hiver,18635.91
12.77,389,1,Alimentation,Automne,4931.91
87.99,285,1,Vêtements,Automne,24979.14
92.48,168,0,Alimentation,Été,17507.27
10.8,183,1,Alimentation,Été,2102.16
31.3,159,1,Électronique,Hiver,5226.12
81.59,366,1,Maison,Printemps,32178.17
76.08,277,1,Électronique,Printemps,20440.69
22.53,393,0,Maison,Été,10778.47
24.89,288,0,Vêtements,Printemps,5514.21
40.19,200,0,Maison,Printemps,9209.88
51.03,179,0,Électronique,Printemps,9958.39
63.73,370,1,Vêtements,Printemps,24165.57
40.05,419,0,Électronique,Été,16915.25
48.94,307,0,Électronique,Printemps,14790.87
76.01,307,1,Alimentation,Printemps,25909.96
8.48,399,0,Électronique,Hiver,3370.03
28.98,245,0,Alimentation,Été,6583.29
72.77,30,0,Électronique,Automne,2380.01
90.04,29,0,Vêtements,Automne,3024.97
53.61,290,1,Alimentation,Hiver,12550.75
55.55,292,0,Vêtements,Hiver,20043.94
15.18,443,0,Alimentation,Été,6027.57
47.5,421,0,Alimentation,Automne,18077.14
55.6,202,0,Maison,Printemps,9833.04
28.03,476,1,Vêtements,Hiver,13343.41
30.58,172,0,Alimentation,Automne,4586.66
40.84,334,0,Maison,Été,12060.63
6.91,353,1,Alimentation,Printemps,2271.28
35.6,143,1,Vêtements,Été,5161.29
25.09,492,0,Alimentation,Hiver,12634.19
36.11,133,0,Alimentation,Automne,5398.73
16.38,297,1,Alimentation,Automne,5457.47
89.6,433,1,Électronique,Automne,42771.96
61.39,487,0,Électronique,Automne,29114.77
69.51,232,1,Maison,Printemps,13157.17
79.97,191,0,Électronique,Printemps,12428.19
52.35,307,0,Alimentation,Été,17707.09
13.26,454,0,Vêtements,Printemps,6527.98
56.03,193,0,Vêtements,Hiver,10146.9
60.75,132,1,Électronique,Hiver,6863.67
75.82,395,0,Électronique,Automne,26812.8
46.01,424,0,Maison,Hiver,19849.04
17.12,141,1,Maison,Été,2456.54
31.96,51,0,Alimentation,Printemps,1799.89
39.49,241,0,Vêtements,Printemps,9088.48
66.36,138,0,Alimentation,Printemps,8934.2
59.22,58,0,Alimentation,Hiver,3821.28
38.83,287,0,Alimentation,Printemps,8775.96
98.72,252,1,Électronique,Automne,25667.18
62.55,450,0,Alimentation,Automne,27206.73
27.54,37,0,Alimentation,Automne,1091.61
14.67,168,1,Maison,Hiver,2590.89
19.52,416,1,Électronique,Printemps,7554.89
28.37,168,0,Alimentation,Hiver,4524.36
20.26,145,0,Alimentation,Printemps,2261.45
22.72,411,0,Vêtements,Été,10038.26
32.08,321,0,Électronique,Été,10544.59
21.47,379,0,Vêtements,Hiver,9275.12
90.19,257,0,Vêtements,Automne,22253.07
12.62,154,1,Vêtements,Hiver,2121.18
54.83,170,0,Alimentation,Automne,8323.81
43.99,255,1,Alimentation,Printemps,8183.37
98.33,243,0,Alimentation,Automne,23668.36
15.64,222,1,Maison,Automne,3275.32
42.8,275,1,Vêtements,Printemps,10533.18
97.1,105,1,Électronique,Été,11111.16
87.22,169,0,Alimentation,Printemps,16521.16
82.62,254,0,Électronique,Hiver,21206.71
29.5,364,0,Vêtements,Hiver,10542.01
21.23,41,1,Électronique,Hiver,875.89
68.52,367,0,Électronique,Hiver,23504.94
93.29,304,0,Maison,Hiver,29955.69
57.89,288,0,Électronique,Été,14105.83
59.3,485,0,Vêtements,Été,25674.27
31.6,277,0,Électronique,Automne,8060.59
78.1,48,0,Alimentation,Hiver,3951.74
22.77,232,1,Vêtements,Printemps,5122.85
35.75,482,1,Alimentation,Hiver,19575.66
45.42,455,1,Vêtements,Été,22326.23
53.22,302,0,Électronique,Hiver,14784.89
28.03,69,1,Vêtements,Été,2056.59
15.91,114,1,Électronique,Automne,1739.7
63.01,482,1,Vêtements,Automne,31807.91
32.42,426,1,Vêtements,Automne,14987.3
60.22,107,0,Maison,Été,7161.81
19.66,63,1,Électronique,Hiver,1263.6
50.71,480,0,Alimentation,Hiver,28235.63
55.6,297,0,Électronique,Printemps,17241.95
9.92,190,0,Vêtements,Été,1910.25
36.98,440,1,Vêtements,Printemps,15778.97
17.77,208,1,Maison,Automne,3462.82
11.02,372,1,Électronique,Hiver,4271.57
99.05,203,1,Électronique,Été,20309.74
35.62,22,0,Vêtements,Printemps,804.08
81.94,210,0,Électronique,Printemps,18034.64
29.19,137,0,Électronique,Printemps,4101.65
69.74,38,0,Alimentation,Hiver,3183.67
77.22,42,0,Électronique,Hiver,3072.01
61.59,432,0,Électronique,Hiver,27757.08
49.8,49,0,Alimentation,Été,2384.64
44.12,314,1,Vêtements,Hiver,10443.64
38.14,127,0,Électronique,Été,4750.07
93.31,386,1,Électronique,Printemps,32644.62
83.91,300,1,Alimentation,Printemps,25004.79
96.68,147,0,Électronique,Automne,14174.44
16.81,248,0,Vêtements,Hiver,4329.53
74.43,130,0,Électronique,Printemps,9162.9
94.14,155,0,Alimentation,Hiver,14000.6
22.22,381,1,Vêtements,Été,9059.01
11.32,205,0,Alimentation,Printemps,2132.85
75.41,163,0,Maison,Hiver,10032.03
59.57,91,0,Alimentation,Printemps,5505.99
84.97,148,1,Électronique,Printemps,13922.21
18.28,383,1,Électronique,Hiver,7483.75
80.55,280,1,Vêtements,Printemps,22949.79
24.15,22,0,Électronique,Printemps,597.75
20.55,468,1,Électronique,Printemps,10658.02
20.61,407,1,Alimentation,Printemps,8110.69
82.38,123,1,Vêtements,Été,10383.55
68.19,243,1,Vêtements,Printemps,17051.47
54.69,339,0,Alimentation,Automne,18379.08
39.09,381,1,Alimentation,Printemps,16582.56
88.33,373,1,Électronique,Hiver,32445.83
42.28,492,0,Maison,Automne,19761.09
82.58,29,0,Électronique,Été,1774.19
46.72,424,1,Alimentation,Automne,18227.9
40.81,403,0,Alimentation,Automne,14283.04
48.95,321,0,Alimentation,Automne,15649.48
33.63,250,1,Alimentation,Hiver,7353.46
76.02,238,0,Électronique,Hiver,19194.04
52.76,430,0,Vêtements,Hiver,25201.49
27.06,85,0,Alimentation,Été,2292.93
90.46,444,0,Vêtements,Hiver,36212.01
41.47,131,0,Maison,Hiver,5588.16
56.64,32,0,Vêtements,Automne,2155.67
91.11,412,1,Électronique,Hiver,43477.53
64.3,439,0,Électronique,Printemps,24258.66
16.11,105,1,Vêtements,Hiver,1447.43
94.28,253,1,Alimentation,Été,19798.96
64.63,109,0,Alimentation,Été,6243.71
36.82,333,1,Alimentation,Printemps,12569.54
18.23,73,0,Maison,Été,1256.71
80.43,31,0,Maison,Été,2284.22
63.91,228,0,Maison,Automne,16085.62
55.68,481,1,Électronique,Printemps,28201.78
89.92,33,0,Alimentation,Automne,2461.51
79.92,140,0,Électronique,Automne,12287.23
19.41,437,1,Électronique,Hiver,8911.4
34.61,456,0,Alimentation,Printemps,16615.87
28.61,396,0,Vêtements,Hiver,10683.24
75.67,39,0,Électronique,Hiver,2895.85
8.19,94,1,Électronique,Automne,617.99
59.14,419,1,Électronique,Été,26928.02
77.43,262,0,Maison,Printemps,18260.17
88.29,242,0,Électronique,Été,19505.98
37.5,89,0,Électronique,Automne,3042.42
83.02,331,1,Vêtements,Automne,32427.05
15.51,230,0,Vêtements,Automne,3328.75
85.41,120,0,Maison,Automne,11214.94
17.11,205,0,Électronique,Automne,3499.13
42.74,151,0,Vêtements,Automne,5918.65
80.74,130,0,Alimentation,Été,9435.66
19.24,400,0,Maison,Hiver,7212.03
26.78,151,0,Alimentation,Été,4013.67
73.61,39,1,Maison,Printemps,3043.54
73.4,413,0,Électronique,Été,28886.43
65.91,43,1,Vêtements,Automne,2690.04
70.93,246,0,Vêtements,Été,15911.27
56.56,173,1,Maison,Hiver,8616.52
28.92,312,1,Électronique,Printemps,7870.17
37.84,249,0,Électronique,Été,10353.1
22.25,488,0,Vêtements,Hiver,10283.79
91.3,329,1,Électronique,Été,28715.21
60.42,378,0,Électronique,Printemps,21316.3
43.08,424,1,Maison,Été,17687.15
48.89,221,0,Vêtements,Automne,11205.62
94.99,57,1,Alimentation,Été,5150.81
19.57,449,0,Alimentation,Hiver,8945.74
60.69,279,1,Vêtements,Été,19333.89
53.06,207,1,Électronique,Hiver,10083.15
63.09,76,1,Électronique,Printemps,4584.12
6.72,448,0,Vêtements,Été,3203.56
87.85,39,1,Alimentation,Printemps,3939.15
93.55,292,0,Vêtements,Printemps,23923.03
58.69,138,1,Électronique,Été,6721.7
71.18,90,0,Vêtements,Hiver,6405.81
92.64,23,1,Maison,Printemps,2108.59
72.19,240,0,Maison,Printemps,18538.69
19.49,33,1,Maison,Été,678.39
59.75,22,1,Alimentation,Été,1310.04
62.64,235,1,Vêtements,Été,16264.89
45.29,248,0,Alimentation,Été,10467.01
74.96,355,0,Électronique,Été,27173.83
93.76,205,1,Alimentation,Automne,16884.11
92.93,74,0,Alimentation,Été,6847.85
47.83,407,0,Électronique,Hiver,16622.45
15.76,395,1,Alimentation,Printemps,5530.57
98.56,273,1,Maison,Hiver,31506.48
84.7,43,0,Électronique,Hiver,2977.59
16.84,181,1,Maison,Automne,2982.0
92.48,177,1,Électronique,Été,17723.03
87.64,101,0,Alimentation,Printemps,10817.9
54.29,422,1,Vêtements,Hiver,23316.07
61.17,178,0,Vêtements,Été,11143.28
42.91,207,0,Maison,Été,8917.62
10.2,79,0,Maison,Automne,890.99
36.84,422,0,Alimentation,Automne,16217.63
81.27,324,1,Électronique,Automne,24817.19
5.44,338,0,Maison,Printemps,2043.83
36.68,385,0,Électronique,Hiver,13469.1
42.83,230,0,Maison,Automne,8276.24
56.05,425,0,Vêtements,Automne,20020.99
92.39,171,0,Électronique,Automne,15481.03
37.9,128,0,Alimentation,Hiver,4901.19
37.96,95,0,Électronique,Hiver,3950.82
75.06,49,1,Électronique,Automne,3913.63
47.96,333,0,Vêtements,Automne,16098.21
26.34,136,0,Électronique,Été,3944.59
47.98,434,0,Électronique,Automne,20849.84
18.38,375,1,Électronique,Printemps,6003.03
21.76,211,0,Vêtements,Printemps,3898.78
52.34,38,0,Électronique,Automne,2243.24
44.8,451,0,Alimentation,Hiver,15668.36
91.91,192,1,Électronique,Été,17292.48
39.43,247,0,Maison,Hiver,12643.24
60.16,369,1,Maison,Automne,23218.49
65.07,202,0,Électronique,Printemps,12870.03
6.24,132,0,Alimentation,Été,684.93
68.04,202,1,Maison,Hiver,15967.01
21.91,165,0,Maison,Hiver,4053.97
96.3,338,1,Alimentation,Automne,34778.37
19.12,135,1,Électronique,Été,2581.06
44.39,132,1,Alimentation,Printemps,6194.65
13.11,270,0,Alimentation,Automne,3487.09
99.7,495,1,Alimentation,Été,44548.31
52.71,270,0,Vêtements,Hiver,15592.73
61.56,322,1,Maison,Automne,19721.9
11.37,478,1,Maison,Hiver,5718.53
76.25,332,1,Électronique,Hiver,25008.38
24.94,137,0,Électronique,Automne,3574.57
90.32,320,0,Électronique,Automne,28860.51
24.49,180,0,Maison,Automne,4367.4
23.12,420,1,Alimentation,Automne,9739.52
8.47,217,0,Alimentation,Automne,2382.19
49.85,279,0,Vêtements,Hiver,15024.15
58.66,167,1,Alimentation,Printemps,12329.58
11.24,259,0,Vêtements,Printemps,2908.8
78.68,66,0,Vêtements,Automne,5032.39
48.06,494,0,Alimentation,Hiver,21191.32
54.82,418,0,Maison,Printemps,26588.53
46.87,217,0,Maison,Printemps,9250.15
43.07,66,0,Maison,Printemps,3357.01
58.17,97,0,Vêtements,Hiver,5069.11
19.75,143,0,Vêtements,Automne,3074.66
22.28,94,1,Alimentation,Automne,1761.11
86.87,378,0,Maison,Automne,31385.62
94.88,156,0,Électronique,Été,14833.96
40.46,109,1,Vêtements,Été,4146.64
30.72,419,0,Électronique,Été,12653.73
66.18,344,0,Alimentation,Hiver,22391.32
43.83,80,1,Vêtements,Printemps,3789.34
7.41,157,1,Vêtements,Printemps,920.6
19.83,69,1,Électronique,Hiver,1291.25
73.02,278,1,Vêtements,Hiver,22846.42
67.6,480,1,Maison,Automne,34273.13
7.57,126,0,Électronique,Automne,1075.08
26.09,132,1,Alimentation,Été,3705.2
26.95,369,0,Alimentation,Été,8867.04
68.83,273,1,Maison,Hiver,20032.45
6.87,137,0,Électronique,Été,950.62
14.89,217,0,Maison,Printemps,3963.97
80.99,356,0,Alimentation,Hiver,31145.28
21.96,384,1,Maison,Hiver,8873.98
67.01,70,0,Maison,Printemps,5004.71
27.63,264,1,Électronique,Automne,7636.31
14.45,422,1,Électronique,Automne,6367.31
28.1,445,0,Électronique,Printemps,12171.51
73.62,54,1,Vêtements,Printemps,4188.36
86.29,321,1,Électronique,Été,30326.26
83.87,429,1,Électronique,Hiver,39795.31
42.73,88,0,Vêtements,Été,4113.37
68.47,368,0,Électronique,Printemps,28996.82
24.47,339,0,Électronique,Été,9226.81
32.85,440,0,Vêtements,Printemps,15362.46
90.15,487,1,Électronique,Été,38882.03
6.24,68,0,Vêtements,Été,375.81
13.12,424,1,Vêtements,Automne,5424.85
24.75,93,0,Vêtements,Printemps,2312.51
7.52,211,0,Maison,Été,1808.54
22.24,280,1,Vêtements,Hiver,4496.22
60.39,375,1,Vêtements,Été,20306.43
45.04,89,0,Vêtements,Été,3930.71
89.8,109,0,Maison,Hiver,8812.46
82.66,279,0,Maison,Printemps,21221.53
37.47,145,0,Maison,Automne,5161.95
29.65,250,0,Alimentation,Automne,6711.41
41.07,314,0,Électronique,Automne,11899.86
61.08,438,0,Électronique,Hiver,30400.1
30.47,148,1,Électronique,Été,4786.59
64.29,299,0,Maison,Printemps,20691.22
43.89,332,0,Alimentation,Été,14521.76
57.44,119,0,Alimentation,Automne,7526.49
46.43,345,1,Vêtements,Été,17376.38
32.97,316,1,Maison,Hiver,11042.11
95.1,201,0,Électronique,Hiver,17864.66
77.54,193,1,Électronique,Printemps,14303.7
18.31,335,0,Vêtements,Printemps,6782.89
87.5,383,0,Alimentation,Automne,31780.8
51.31,207,0,Vêtements,Printemps,9252.61
89.98,76,0,Maison,Été,6471.93
80.99,50,1,Électronique,Hiver,4680.98
45.4,103,1,Alimentation,Hiver,4426.01
7.13,171,0,Vêtements,Hiver,1259.18
30.52,492,1,Électronique,Printemps,14091.33
56.46,55,0,Maison,Hiver,3342.37
65.18,232,0,Alimentation,Hiver,15933.49
29.5,433,0,Alimentation,Hiver,10868.74
18.24,427,0,Maison,Automne,7997.24
84.32,383,0,Alimentation,Automne,26860.72
98.52,125,0,Électronique,Printemps,11632.67
54.94,433,0,Alimentation,Hiver,23761.82
21.31,361,0,Vêtements,Printemps,9113.69
30.87,239,1,Électronique,Hiver,7612.48
6.75,410,0,Électronique,Hiver,2555.21
91.86,182,1,Alimentation,Hiver,16188.19
16.19,458,0,Alimentation,Printemps,8100.31
59.77,239,1,Électronique,Printemps,13208.63
31.04,289,1,Alimentation,Hiver,9954.61
57.65,139,1,Maison,Été,7594.21
66.88,413,0,Électronique,Printemps,25093.2
83.83,355,1,Électronique,Automne,28298.44
24.61,419,0,Alimentation,Printemps,8644.94
6.04,201,0,Électronique,Hiver,950.28
18.0,498,0,Alimentation,Été,8890.02
90.5,125,0,Électronique,Hiver,11236.37
88.02,236,0,Vêtements,Automne,21305.46
61.75,224,1,Alimentation,Printemps,13711.01
62.05,89,1,Alimentation,Printemps,6808.77
68.18,63,0,Maison,Hiver,4367.68
21.66,348,1,Maison,Hiver,6500.15
91.87,320,0,Alimentation,Automne,26106.03
44.78,247,1,Alimentation,Été,11061.0
41.4,203,0,Électronique,Automne,8038.26
54.3,126,0,Vêtements,Été,6001.3
9.46,103,1,Électronique,Printemps,968.65
20.8,357,1,Maison,Été,7392.76
75.11,269,1,Vêtements,Été,23428.62
12.87,382,1,Alimentation,Printemps,4465.96
62.3,460,1,Électronique,Printemps,27460.88
28.31,40,1,Alimentation,Printemps,1312.75
41.98,215,1,Maison,Automne,9322.27
32.43,197,1,Vêtements,Printemps,5799.7
38.79,436,0,Maison,Hiver,15703.65
73.31,494,1,Électronique,Printemps,31818.05
33.23,26,0,Vêtements,Printemps,870.66
58.81,89,1,Maison,Printemps,5773.81
50.22,146,1,Vêtements,Été,8527.92
68.05,418,1,Maison,Automne,24217.19
94.0,485,1,Électronique,Printemps,49552.31
74.59,179,1,Électronique,Automne,13570.99
25.42,267,0,Maison,Hiver,6609.36
7.96,222,1,Électronique,Hiver,1693.37
29.92,167,0,Maison,Printemps,4036.82
61.53,491,0,Maison,Hiver,32138.7
9.89,162,0,Électronique,Automne,1390.88
52.15,451,0,Vêtements,Été,21759.92
61.7,218,0,Électronique,Printemps,14012.81
36.75,424,1,Vêtements,Hiver,12751.32
78.24,445,0,Électronique,Automne,30218.22
15.13,173,0,Électronique,Automne,2936.47
12.14,395,0,Vêtements,Hiver,4853.83
74.18,403,0,Vêtements,Automne,27914.92
52.07,161,1,Maison,Automne,8488.9
70.4,332,0,Maison,Printemps,24937.55
46.31,184,0,Alimentation,Automne,9479.46
28.41,333,0,Vêtements,Hiver,8408.11
82.81,40,0,Maison,Printemps,2972.93
80.94,101,0,Vêtements,Hiver,8672.26
71.0,88,0,Alimentation,Été,6648.13
30.85,150,1,Maison,Hiver,4005.58
61.07,106,1,Vêtements,Hiver,5834.29
39.29,237,0,Alimentation,Printemps,9131.32
13.7,440,1,Maison,Automne,6042.21
92.14,491,0,Maison,Hiver,45475.67
18.0,324,0,Alimentation,Printemps,5039.24
95.27,422,1,Électronique,Été,40372.1
47.37,390,0,Vêtements,Printemps,17149.01
22.59,364,1,Électronique,Printemps,7263.73
56.48,360,0,Alimentation,Automne,20310.44
87.93,403,0,Électronique,Hiver,35035.39
74.56,415,0,Maison,Été,33423.03
81.62,464,1,Électronique,Printemps,34611.05
67.58,444,1,Électronique,Hiver,30711.16
70.77,180,1,Vêtements,Hiver,10740.33
85.67,197,0,Alimentation,Printemps,16413.12
28.72,136,0,Électronique,Hiver,4087.03
51.5,215,0,Vêtements,Printemps,11679.3
26.01,402,0,Vêtements,Printemps,11036.16
98.83,346,1,Électronique,Printemps,36945.76
94.69,105,0,Électronique,Été,9499.23
8.75,308,1,Maison,Printemps,2828.6
72.03,100,1,Vêtements,Automne,8549.06
92.9,171,0,Électronique,Hiver,15143.82
22.15,80,1,Maison,Été,2016.57
58.95,80,0,Maison,Hiver,5129.34
91.97,373,0,Alimentation,Été,33391.19
8.22,47,0,Vêtements,Automne,379.27
71.25,461,0,Maison,Été,33235.16
33.25,62,0,Maison,Été,2230.58
92.82,188,0,Alimentation,Été,18152.76
97.25,442,0,Vêtements,Hiver,40942.75
94.71,105,0,Alimentation,Printemps,7874.04
50.05,196,1,Alimentation,Hiver,10469.19
86.89,36,1,Électronique,Printemps,2523.55
85.23,117,0,Vêtements,Hiver,8609.77
35.31,473,0,Maison,Automne,16029.43
83.75,217,1,Alimentation,Automne,15967.31
8.52,117,0,Vêtements,Été,1028.49
61.65,84,1,Alimentation,Automne,5025.22
26.85,349,0,Électronique,Été,10106.46
16.45,360,0,Vêtements,Printemps,4969.91
12.31,24,0,Alimentation,Automne,275.88
71.15,21,0,Électronique,Printemps,1494.78
37.29,41,1,Électronique,Hiver,1535.42
73.85,131,0,Maison,Printemps,10345.79
11.21,76,1,Électronique,Hiver,774.04
34.95,85,1,Électronique,Printemps,2831.72
56.25,349,0,Maison,Printemps,20627.24
80.12,117,1,Alimentation,Automne,7313.1
35.28,163,0,Alimentation,Printemps,5972.0
64.46,387,0,Maison,Automne,26851.77
89.17,454,1,Électronique,Automne,35084.1
63.51,144,0,Alimentation,Été,8857.34
27.13,186,0,Vêtements,Été,5799.4
7.32,105,0,Maison,Hiver,819.31
87.66,95,0,Vêtements,Printemps,8699.93
7.02,363,1,Alimentation,Hiver,2800.78
88.1,443,1,Vêtements,Printemps,46071.13
55.25,313,1,Vêtements,Été,17325.3
94.21,463,1,Alimentation,Été,41843.1
80.88,78,0,Alimentation,Printemps,6932.27
99.8,157,0,Alimentation,Printemps,15374.89
38.32,118,0,Vêtements,Été,4102.13
77.88,211,0,Vêtements,Été,15545.21
43.18,262,0,Alimentation,Hiver,11666.5
50.59,338,1,Maison,Été,16330.64
64.61,68,0,Alimentation,Printemps,4228.74
88.0,467,0,Maison,Hiver,36874.14
98.49,51,0,Maison,Printemps,5743.97
77.99,410,1,Alimentation,Automne,30880.32
44.69,296,1,Alimentation,Hiver,12287.04
45.03,39,0,Maison,Printemps,1649.9
75.07,173,0,Alimentation,Été,14029.36
27.68,402,1,Maison,Automne,11765.18
15.5,87,0,Alimentation,Printemps,1280.82
38.69,385,0,Alimentation,Hiver,14943.78
32.29,391,1,Électronique,Printemps,12974.74
33.15,233,1,Vêtements,Automne,7180.12
27.19,162,0,Maison,Hiver,3726.17
9.0,395,1,Alimentation,Automne,3738.1
6.7,251,1,Alimentation,Printemps,1572.6
98.83,232,0,Maison,Été,23938.22
45.64,98,1,Alimentation,Été,4616.31
41.51,233,1,Vêtements,Printemps,9725.79
69.57,135,1,Alimentation,Printemps,8991.73
25.73,111,1,Alimentation,Printemps,2674.98
95.25,289,0,Électronique,Hiver,24393.5
79.7,430,0,Vêtements,Automne,32164.2
13.49,400,0,Vêtements,Automne,5702.93
44.67,187,0,Vêtements,Automne,9520.93
88.52,77,0,Vêtements,Printemps,7668.79
94.75,303,1,Vêtements,Automne,29126.75
49.4,45,1,Électronique,Printemps,2533.62
63.27,388,1,Vêtements,Hiver,23795.56
20.87,466,1,Électronique,Été,8469.82
99.16,85,1,Alimentation,Printemps,10047.63
27.01,428,0,Maison,Printemps,12176.22
94.56,267,0,Alimentation,Été,21372.96
66.72,273,0,Vêtements,Été,21054.3
62.73,406,1,Électronique,Hiver,23575.0
53.71,475,0,Électronique,Automne,24170.61
26.91,63,1,Vêtements,Printemps,1868.49
21.77,116,0,Électronique,Automne,2869.19
25.95,61,1,Vêtements,Printemps,1424.54
22.71,246,1,Électronique,Hiver,6408.45
79.06,281,1,Maison,Été,24158.05
38.26,186,1,Vêtements,Hiver,6547.23
10.5,455,1,Électronique,Été,4660.02
97.06,298,1,Maison,Automne,33309.13
88.96,108,1,Vêtements,Automne,8108.34
93.14,398,1,Électronique,Hiver,42187.99
99.52,197,1,Alimentation,Été,21264.86
21.52,446,0,Alimentation,Hiver,10086.59
42.64,422,0,Alimentation,Été,18231.05
77.03,216,0,Électronique,Été,19916.49
71.12,326,0,Vêtements,Automne,28095.55
19.62,286,0,Électronique,Automne,5266.09
82.5,287,1,Électronique,Été,25127.05
26.32,93,1,Maison,Été,2906.56
26.26,27,1,Alimentation,Été,653.36
56.01,427,0,Vêtements,Automne,24497.77
61.33,495,0,Alimentation,Automne,33405.95
60.11,316,0,Électronique,Printemps,15167.52
13.69,183,0,Maison,Été,2712.85
88.36,104,0,Électronique,Printemps,8189.23
30.23,91,0,Électronique,Été,2803.84
17.3,74,1,Vêtements,Automne,1426.7
89.43,412,1,Alimentation,Printemps,28042.19
95.79,66,0,Alimentation,Printemps,6818.97
86.9,418,0,Électronique,Hiver,43728.27
81.9,451,0,Vêtements,Été,34967.05
67.25,257,0,Vêtements,Automne,18279.96
57.33,123,1,Électronique,Hiver,7993.18
13.26,229,0,Maison,Hiver,2552.84
43.8,61,0,Électronique,Été,2874.15
40.41,335,0,Vêtements,Hiver,14923.26
29.68,487,0,Alimentation,Été,15377.23
73.72,473,1,Électronique,Hiver,35171.61
52.11,287,1,Alimentation,Été,13459.4
12.7,405,1,Maison,Automne,5859.18
25.92,282,0,Électronique,Été,7334.66
69.91,355,0,Maison,Été,22574.8
12.23,406,0,Alimentation,Printemps,4807.47
85.86,384,1,Électronique,Automne,34184.82
52.04,278,0,Vêtements,Automne,12208.53
50.66,302,0,Vêtements,Automne,15326.75
61.28,133,1,Alimentation,Hiver,7810.48
83.34,382,1,Alimentation,Printemps,36089.24
38.04,59,0,Maison,Automne,1823.57
69.41,436,0,Maison,Hiver,33103.7
58.74,239,0,Alimentation,Hiver,16028.3
30.37,148,1,Alimentation,Hiver,3669.03
88.47,27,0,Vêtements,Printemps,1978.51
80.76,120,1,Vêtements,Hiver,11421.95
67.55,435,0,Électronique,Printemps,26726.82
85.81,399,1,Alimentation,Été,44834.32
87.39,195,1,Vêtements,Hiver,13963.71
72.29,126,0,Électronique,Automne,9263.43
84.52,120,1,Électronique,Hiver,10118.67
71.26,279,0,Vêtements,Été,19467.61
69.61,497,1,Alimentation,Été,36197.84
63.77,473,1,Vêtements,Hiver,31733.65
76.51,385,0,Alimentation,Été,28962.49
20.07,265,1,Vêtements,Printemps,4779.16
88.68,294,1,Alimentation,Printemps,28803.63
87.83,51,0,Électronique,Hiver,4760.66
7.78,156,0,Électronique,Printemps,1227.59
83.45,31,1,Alimentation,Printemps,2741.23
17.24,414,1,Vêtements,Automne,7686.18
36.84,321,0,Électronique,Hiver,10924.84
75.63,394,0,Vêtements,Été,31468.95
20.27,35,0,Électronique,Hiver,670.21
82.71,148,0,Vêtements,Printemps,13222.86
84.05,82,0,Vêtements,Automne,6759.5
53.21,128,1,Alimentation,Hiver,7227.51
5.61,394,0,Maison,Hiver,2114.46
32.27,40,1,Électronique,Printemps,1376.47
63.61,177,0,Maison,Printemps,10156.98
98.21,288,0,Vêtements,Hiver,28386.78
65.02,181,0,Alimentation,Printemps,12922.69
29.68,279,0,Alimentation,Printemps,8667.6
65.23,431,1,Alimentation,Printemps,28654.0
56.3,121,1,Vêtements,Printemps,8040.94
79.09,242,1,Vêtements,Printemps,21099.0
15.16,78,1,Électronique,Automne,1283.65
77.3,266,1,Électronique,Printemps,21914.82
56.42,147,0,Vêtements,Été,8942.89
96.48,302,1,Vêtements,Hiver,33965.25
37.48,344,1,Vêtements,Automne,12354.61
65.1,44,0,Électronique,Automne,3153.53
93.54,150,1,Alimentation,Printemps,14531.19
14.74,372,0,Maison,Hiver,5273.21
94.04,215,0,Maison,Été,20016.97
70.35,300,1,Vêtements,Printemps,21567.53
11.44,423,0,Alimentation,Hiver,4422.98
33.59,437,0,Maison,Printemps,15947.1
72.28,173,1,Vêtements,Printemps,12375.83
11.4,401,1,Vêtements,Printemps,4610.22
60.31,152,0,Maison,Printemps,10411.28
37.86,246,1,Vêtements,Printemps,9434.4
63.99,208,0,Vêtements,Printemps,15376.51
9.35,495,0,Électronique,Printemps,4385.35
87.8,496,1,Électronique,Été,38771.19
97.48,284,1,Maison,Automne,26881.49
97.04,391,0,Alimentation,Été,27262.87
76.22,453,1,Vêtements,Printemps,37655.04
17.36,153,1,Électronique,Printemps,2380.14
77.04,230,0,Alimentation,Été,16624.69
7.34,79,0,Alimentation,Été,621.39
7.1,447,0,Électronique,Automne,3211.51
35.74,396,1,Maison,Été,13529.53
51.42,414,1,Électronique,Automne,16952.51
78.19,469,1,Vêtements,Printemps,41441.32
69.91,450,1,Alimentation,Hiver,33734.27
47.36,383,1,Électronique,Hiver,21867.73
30.99,383,0,Maison,Hiver,11161.32
99.73,476,0,Alimentation,Hiver,40566.99
45.49,232,0,Alimentation,Printemps,11603.51
47.88,235,0,Électronique,Hiver,11040.2
20.54,245,1,Électronique,Été,5348.41
80.51,489,1,Électronique,Été,45746.9
70.9,150,0,Vêtements,Hiver,11047.8
25.97,95,0,Alimentation,Été,2508.43
12.83,495,1,Maison,Automne,6496.92
69.65,305,0,Alimentation,Printemps,17765.2
67.18,493,0,Maison,Hiver,36789.53
30.96,296,0,Alimentation,Hiver,10238.28
95.33,175,0,Vêtements,Printemps,17567.89
19.35,267,1,Électronique,Été,4383.52
46.07,237,0,Alimentation,Printemps,10786.31
94.64,209,0,Électronique,Printemps,22625.13
44.87,436,0,Électronique,Été,18456.52
65.66,488,1,Vêtements,Printemps,35836.67
42.77,182,0,Maison,Été,7827.03
31.05,199,0,Électronique,Été,6619.2
98.48,53,0,Alimentation,Printemps,5004.33
43.89,60,0,Maison,Automne,2655.62
89.94,326,0,Vêtements,Été,30600.91
26.85,450,1,Électronique,Printemps,10773.68
25.24,357,0,Électronique,Été,9257.49
7.96,333,0,Alimentation,Automne,1938.04
66.91,94,1,Alimentation,Automne,5911.22
40.01,460,0,Maison,Hiver,19405.59
87.11,298,0,Alimentation,Été,28866.85
49.95,195,0,Électronique,Été,10200.72
96.98,403,1,Électronique,Printemps,33649.17
22.62,169,0,Alimentation,Été,4217.62
87.52,292,1,Électronique,Hiver,22644.65
78.78,344,1,Vêtements,Automne,28764.82
78.24,127,0,Vêtements,Automne,8837.67
85.25,158,1,Électronique,Hiver,12428.03
77.3,369,0,Électronique,Été,25795.84
64.49,290,0,Vêtements,Été,18961.98
17.47,366,1,Électronique,Hiver,6268.99
8.09,438,1,Électronique,Printemps,3723.75
92.48,308,1,Alimentation,Automne,28430.76
63.58,231,0,Maison,Hiver,12457.68
80.67,400,0,Électronique,Hiver,33157.99
50.74,291,1,Alimentation,Été,12163.44
16.14,437,0,Vêtements,Automne,6429.78
16.89,85,0,Vêtements,Été,1383.4
70.13,443,0,Maison,Hiver,29721.73
45.88,267,0,Alimentation,Printemps,10231.89
24.05,175,1,Maison,Automne,4785.84
51.7,66,0,Électronique,Hiver,3974.53
11.1,442,1,Électronique,Hiver,6010.48
60.29,473,0,Maison,Printemps,31789.95
30.55,220,1,Vêtements,Hiver,6455.22
80.77,167,0,Électronique,Hiver,12931.94
34.48,143,0,Alimentation,Automne,4699.94
48.25,20,0,Maison,Automne,1156.61
6.1,475,0,Maison,Automne,2864.02
11.88,266,0,Vêtements,Été,3561.17
42.29,362,1,Maison,Printemps,17132.95
50.59,147,1,Électronique,Automne,7577.69
62.0,210,0,Électronique,Été,11129.96
32.71,86,0,Alimentation,Été,2786.64
71.02,23,0,Électronique,Printemps,1657.47
86.71,461,0,Vêtements,Printemps,45081.58
79.09,428,1,Alimentation,Hiver,33916.39
8.76,322,1,Vêtements,Été,2479.81
50.65,313,0,Électronique,Automne,17419.63
14.97,162,0,Électronique,Printemps,2369.96
27.99,210,0,Vêtements,Été,4381.83
98.73,40,1,Vêtements,Automne,4077.54
18.54,246,0,Alimentation,Été,4789.23
52.39,332,1,Alimentation,Printemps,15927.32
63.72,136,1,Vêtements,Hiver,8499.49
71.73,456,0,Maison,Été,34860.2
58.17,321,1,Électronique,Automne,19292.1
5.93,161,0,Électronique,Printemps,805.54
36.01,479,1,Maison,Hiver,19411.01
54.18,420,0,Vêtements,Automne,26638.46
13.35,58,0,Maison,Automne,734.8
38.31,412,1,Vêtements,Automne,12769.23
8.15,374,1,Alimentation,Été,3283.14
12.46,271,1,Vêtements,Printemps,3149.38
42.71,352,0,Vêtements,Automne,15838.91
17.61,226,1,Vêtements,Été,4856.29
58.92,229,0,Alimentation,Printemps,11406.3
70.5,134,1,Vêtements,Printemps,8694.43
81.06,244,0,Maison,Été,19393.99
24.01,153,1,Électronique,Été,4148.03
20.91,270,1,Électronique,Automne,7653.09
14.93,238,1,Vêtements,Printemps,3641.14
65.46,426,0,Alimentation,Hiver,23334.35
72.12,462,0,Maison,Été,32168.18
8.0,110,1,Vêtements,Printemps,811.81
93.94,373,0,Alimentation,Printemps,37568.03
9.94,395,1,Vêtements,Automne,4074.28
56.42,65,0,Alimentation,Hiver,3285.24
72.36,57,0,Maison,Automne,3780.75
87.74,161,1,Électronique,Hiver,13617.52
72.84,119,1,Vêtements,Hiver,8460.49
81.16,347,0,Maison,Été,28043.71
37.25,209,0,Maison,Printemps,7823.3
82.41,54,0,Alimentation,Printemps,4999.67
12.61,166,1,Vêtements,Printemps,2010.32
90.01,49,0,Électronique,Hiver,4170.75
57.02,353,1,Vêtements,Printemps,17433.37
82.64,103,1,Maison,Été,8321.37
47.97,388,0,Alimentation,Hiver,19089.2
66.14,300,1,Électronique,Hiver,16421.05
55.01,443,0,Électronique,Hiver,23534.95
74.5,363,0,Électronique,Hiver,30181.34
12.75,289,1,Électronique,Été,3923.63
10.73,173,0,Électronique,Printemps,1925.61
28.47,121,0,Vêtements,Été,3658.87
20.16,234,0,Électronique,Printemps,4446.8
87.82,169,0,Électronique,Été,13792.4
25.83,451,0,Vêtements,Automne,13131.02
97.71,102,1,Électronique,Automne,10792.28
37.01,129,1,Électronique,Automne,4418.0
22.3,454,1,Vêtements,Automne,8222.14
80.02,406,0,Électronique,Hiver,30131.06
67.58,445,0,Vêtements,Hiver,31707.68
52.33,294,0,Électronique,Été,14372.29
57.76,220,0,Alimentation,Été,13126.62
73.32,303,0,Maison,Automne,25370.12
26.7,487,0,Alimentation,Printemps,12881.94
99.65,192,0,Vêtements,Automne,19580.43
97.61,346,0,Maison,Été,36086.19
66.78,225,1,Alimentation,Automne,13399.61
23.96,82,1,Électronique,Été,1812.84
69.62,92,1,Vêtements,Automne,6870.15
11.86,270,1,Maison,Printemps,3214.04
7.91,143,1,Vêtements,Automne,1144.9
29.48,394,0,Électronique,Printemps,11653.78
48.95,140,0,Alimentation,Printemps,7523.42
87.49,294,1,Maison,Été,26842.8
74.08,450,1,Électronique,Printemps,34832.19
75.56,417,1,Vêtements,Hiver,35359.49
45.42,139,1,Électronique,Hiver,7327.67
37.86,441,0,Alimentation,Hiver,20442.22
40.25,456,1,Électronique,Été,17291.28
98.83,336,1,Vêtements,Hiver,41407.01
8.81,183,0,Maison,Été,1435.4
87.37,443,1,Vêtements,Été,46195.27
59.97,484,0,Alimentation,Hiver,27185.38
46.67,305,1,Vêtements,Printemps,14136.22
73.9,284,1,Électronique,Automne,21026.59
51.23,339,0,Alimentation,Été,15861.3
87.98,180,1,Électronique,Hiver,15973.73
90.57,395,0,Vêtements,Été,32858.27
45.06,327,1,Électronique,Printemps,12914.98
31.3,108,0,Alimentation,Printemps,3367.31
61.27,161,1,Maison,Hiver,11432.8
91.67,222,0,Maison,Été,19833.79
25.01,328,1,Vêtements,Automne,8975.23
64.18,246,0,Électronique,Automne,14453.12
65.0,462,1,Vêtements,Été,26175.72
74.65,353,1,Maison,Été,27547.44
17.5,241,1,Électronique,Été,4957.93
73.0,60,1,Maison,Hiver,4471.52
91.36,215,1,Vêtements,Printemps,21266.13
22.07,87,0,Maison,Automne,2207.17
27.57,495,0,Maison,Hiver,13597.3
97.28,283,0,Maison,Été,27111.61
22.19,21,1,Vêtements,Été,487.99
86.17,380,1,Électronique,Printemps,34873.06
51.77,144,0,Vêtements,Été,6411.96
28.49,129,1,Vêtements,Hiver,3783.9
87.72,105,1,Électronique,Hiver,9209.97
47.3,444,1,Vêtements,Printemps,19343.12
53.91,139,0,Vêtements,Hiver,7441.18
39.13,146,0,Alimentation,Automne,5047.23
61.33,274,0,Alimentation,Hiver,14265.39
20.53,202,1,Électronique,Hiver,4174.78
42.15,35,0,Maison,Hiver,1608.33
97.09,496,0,Électronique,Automne,46484.2
29.52,81,1,Vêtements,Été,2161.4
67.39,388,1,Vêtements,Hiver,24041.68
35.89,451,1,Maison,Printemps,17074.93
78.48,177,0,Électronique,Automne,16207.12
17.43,287,0,Vêtements,Printemps,5387.82
97.13,54,1,Alimentation,Hiver,5927.29
48.11,286,0,Électronique,Printemps,12317.99
27.42,83,0,Alimentation,Hiver,2259.03
11.98,69,0,Maison,Automne,910.83
21.13,488,0,Maison,Printemps,8868.69
54.38,274,0,Électronique,Printemps,13919.14
37.02,168,0,Électronique,Hiver,6805.24
83.74,344,0,Vêtements,Hiver,29551.0
45.93,323,0,Vêtements,Été,13403.61
28.63,295,1,Électronique,Hiver,7068.48
63.63,376,0,Électronique,Hiver,27124.39
72.14,470,1,Maison,Été,26943.64
20.87,191,0,Maison,Hiver,4238.25
20.92,436,0,Électronique,Hiver,8634.92
8.48,220,1,Vêtements,Été,2060.94
74.96,464,0,Vêtements,Automne,31156.7
68.06,412,0,Électronique,Automne,35372.8
50.09,343,0,Alimentation,Hiver,17872.05
85.2,54,1,Alimentation,Hiver,4861.7
81.54,484,0,Maison,Été,36414.5
60.61,235,0,Alimentation,Été,14053.37
87.49,499,1,Vêtements,Automne,43188.41
24.55,84,0,Alimentation,Printemps,2432.59
15.63,27,0,Électronique,Hiver,438.91
30.63,320,0,Alimentation,Printemps,10334.64
10.42,362,1,Vêtements,Printemps,3972.96
55.46,450,0,Électronique,Été,26525.82
93.98,443,0,Électronique,Hiver,35848.41
8.74,351,0,Électronique,Hiver,3696.4
16.6,457,1,Maison,Été,6920.52
47.96,95,0,Électronique,Printemps,4538.7
93.72,193,1,Électronique,Été,20858.1
35.03,66,0,Vêtements,Automne,2759.26
53.19,34,1,Alimentation,Hiver,1954.21
8.95,380,1,Électronique,Automne,3229.35
19.09,166,0,Maison,Été,3209.42
98.73,45,0,Maison,Hiver,4517.03
96.69,327,0,Alimentation,Automne,32257.54
5.47,112,0,Alimentation,Automne,537.28
95.42,425,1,Électronique,Printemps,45663.69
65.72,251,0,Vêtements,Hiver,16717.73
87.45,40,0,Alimentation,Automne,3245.37
48.2,326,0,Électronique,Automne,14930.06
53.98,57,1,Électronique,Printemps,3159.89
51.44,295,0,Alimentation,Automne,13045.92
68.35,176,0,Électronique,Automne,13086.32
18.27,198,0,Maison,Automne,3702.37
7.85,151,1,Électronique,Printemps,1370.94
34.25,330,1,Alimentation,Automne,11390.19
71.94,474,0,Vêtements,Automne,30398.84
24.18,367,0,Alimentation,Hiver,7811.12
68.98,47,0,Vêtements,Hiver,3115.39
97.14,279,0,Vêtements,Printemps,26329.91
13.92,425,1,Maison,Été,5580.41
68.9,95,1,Vêtements,Hiver,6629.6
47.16,448,0,Vêtements,Printemps,19875.56
87.47,86,1,Vêtements,Automne,7713.64
21.83,361,0,Alimentation,Automne,7470.33
70.8,213,1,Vêtements,Printemps,16033.03
84.62,491,1,Maison,Automne,40260.01
94.74,181,0,Électronique,Automne,19284.93
69.91,366,1,Vêtements,Été,27256.09
52.23,458,0,Alimentation,Automne,24384.42
63.7,380,0,Alimentation,Hiver,23703.3
87.55,276,0,Maison,Automne,20493.3
59.21,91,0,Maison,Printemps,6149.75
7.89,106,1,Vêtements,Été,779.4
93.44,441,1,Électronique,Automne,41580.92
70.51,281,1,Électronique,Printemps,20494.5
69.27,233,1,Alimentation,Hiver,15843.72
25.49,172,1,Maison,Automne,4978.18
67.59,229,0,Électronique,Été,13587.66
42.42,420,0,Électronique,Automne,20905.65
66.87,80,0,Électronique,Printemps,5708.86
15.13,287,1,Maison,Été,4235.31
67.5,281,1,Vêtements,Automne,18521.33
99.94,237,0,Vêtements,Hiver,18435.07
9.58,302,1,Vêtements,Été,2647.75
97.83,155,1,Maison,Hiver,14627.0
43.66,486,0,Alimentation,Printemps,21592.43
87.72,399,0,Alimentation,Automne,39408.85
79.33,381,0,Électronique,Hiver,36383.16
58.87,468,0,Vêtements,Printemps,28301.29
75.15,460,0,Alimentation,Automne,35279.77
88.46,112,0,Maison,Printemps,9421.7
43.39,128,0,Électronique,Hiver,4601.37
36.07,260,0,Électronique,Printemps,8810.08
68.42,374,1,Électronique,Été,25063.22
81.75,443,0,Vêtements,Automne,39747.67
77.42,161,1,Maison,Printemps,13112.18
80.79,310,0,Électronique,Hiver,25599.76
46.38,451,0,Vêtements,Automne,19702.5
82.69,256,1,Vêtements,Été,16972.77
16.42,359,0,Électronique,Automne,4761.95
56.73,331,0,Vêtements,Été,15653.53
5.55,196,1,Électronique,Automne,1056.04
35.84,160,0,Vêtements,Printemps,6304.42
39.81,208,0,Alimentation,Printemps,9081.26
42.64,68,0,Vêtements,Hiver,3129.66
71.07,321,0,Électronique,Été,21638.36
41.91,388,0,Maison,Hiver,18121.78
47.63,209,0,Alimentation,Printemps,9027.82
27.57,155,1,Alimentation,Été,4638.03
40.46,62,1,Électronique,Hiver,2088.45
26.59,423,1,Électronique,Hiver,9923.6
11.95,399,1,Électronique,Hiver,5556.03
62.33,372,1,Électronique,Hiver,22714.13
68.48,109,0,Vêtements,Hiver,6956.02
63.85,314,1,Maison,Été,22259.81
49.03,360,1,Vêtements,Hiver,19799.56
41.08,264,1,Électronique,Été,10375.22
87.02,452,0,Alimentation,Hiver,40428.32
